Nation,PlayerName,Position,ShirtNo
Algeria,Melvin Mastil,GK,1
Algeria,Aïssa Mandi,DF,2
Algeria,Achref Abada,DF,3
Algeria,Mohamed Amine Tougai,DF,4
Algeria,Zineddine Belaïd,DF,5
Algeria,Ramiz Zerrouki,MF,6
Algeria,Riyad Mahrez,FW,7
Algeria,Houssem Aouar,MF,8
Algeria,Amine Gouiri,FW,9
Algeria,Farès Chaïbi,MF,10
Algeria,Anis Hadj Moussa,FW,11
Algeria,Nadhir Benbouali,FW,12
Algeria,Jaouen Hadjam,DF,13
Algeria,Hicham Boudaoui,MF,14
Algeria,Rayan Aït-Nouri,DF,15
Algeria,Oussama Benbot,GK,16
Algeria,Rafik Belghali,DF,17
Algeria,Mohamed Amoura,FW,18
Algeria,Nabil Bentaleb,MF,19
Algeria,Adil Boulbina,FW,20
Algeria,Ramy Bensebaini,DF,21
Algeria,Ibrahim Maza,MF,22
Algeria,Luca Zidane,GK,23
Algeria,Yacine Titraoui,MF,24
Algeria,Farès Ghedjemis,FW,25
Algeria,Samir Chergui,DF,26
Argentina,Juan Musso,GK,1
Argentina,Marcos Senesi,DF,2
Argentina,Nicolás Tagliafico,DF,3
Argentina,Gonzalo Montiel,DF,4
Argentina,Leandro Paredes,MF,5
Argentina,Lisandro Martínez,DF,6
Argentina,Rodrigo De Paul,MF,7
Argentina,Valentín Barco,MF,8
Argentina,Julián Alvarez,FW,9
Argentina,Lionel Messi,FW,10
Argentina,Giovani Lo Celso,MF,11
Argentina,Gerónimo Rulli,GK,12
Argentina,Cristian Romero,DF,13
Argentina,Exequiel Palacios,MF,14
Argentina,Nicolás González,MF,15
Argentina,Thiago Almada,FW,16
Argentina,Giuliano Simeone,FW,17
Argentina,Nico Paz,FW,18
Argentina,Nicolás Otamendi,DF,19
Argentina,Alexis Mac Allister,MF,20
Argentina,José Manuel López,FW,21
Argentina,Lautaro Martínez,FW,22
Argentina,Emiliano Martínez,GK,23
Argentina,Enzo Fernández,MF,24
Argentina,Facundo Medina,DF,25
Argentina,Nahuel Molina,DF,26
Australia,Mathew Ryan,GK,1
Australia,Miloš Degenek,DF,2
Australia,Alessandro Circati,DF,3
Australia,Jacob Italiano,DF,4
Australia,Jordan Bos,DF,5
Australia,Jason Geria,DF,6
Australia,Mathew Leckie,FW,7
Australia,Connor Metcalfe,MF,8
Australia,Mohamed Touré,FW,9
Australia,Ajdin Hrustic,FW,10
Australia,Awer Mabil,FW,11
Australia,Paul Izzo,GK,12
Australia,Aiden O'Neill,MF,13
Australia,Cammy Devlin,MF,14
Australia,Kai Trewin,DF,15
Australia,Aziz Behich,DF,16
Australia,Nestory Irankunda,FW,17
Australia,Patrick Beach,GK,18
Australia,Harry Souttar,DF,19
Australia,Cristian Volpato,FW,20
Australia,Cameron Burgess,DF,21
Australia,Jackson Irvine,MF,22
Australia,Nishan Velupillay,FW,23
Australia,Paul Okon-Engstler,MF,24
Australia,Lucas Herrington,DF,25
Australia,Tete Yengi,FW,26
Austria,Alexander Schlager,GK,1
Austria,David Affengruber,DF,2
Austria,Kevin Danso,DF,3
Austria,Xaver Schlager,MF,4
Austria,Stefan Posch,DF,5
Austria,Nicolas Seiwald,MF,6
Austria,Marko Arnautović,FW,7
Austria,David Alaba,DF,8
Austria,Marcel Sabitzer,MF,9
Austria,Florian Grillitsch,MF,10
Austria,Michael Gregoritsch,FW,11
Austria,Florian Wiegele,GK,12
Austria,Patrick Pentz,GK,13
Austria,Saša Kalajdžić,FW,14
Austria,Philipp Lienhart,DF,15
Austria,Phillipp Mwene,DF,16
Austria,Carney Chukwuemeka,MF,17
Austria,Romano Schmid,MF,18
Austria,Dejan Ljubičić,MF,19
Austria,Konrad Laimer,MF,20
Austria,Patrick Wimmer,FW,21
Austria,Alexander Prass,MF,22
Austria,Marco Friedl,DF,23
Austria,Paul Wanner,MF,24
Austria,Michael Svoboda,DF,25
Austria,Alessandro Schöpf,MF,26
Belgium,Thibaut Courtois,GK,1
Belgium,Zeno Debast,DF,2
Belgium,Arthur Theate,DF,3
Belgium,Brandon Mechele,DF,4
Belgium,Maxim De Cuyper,DF,5
Belgium,Axel Witsel,MF,6
Belgium,Kevin De Bruyne,MF,7
Belgium,Youri Tielemans,MF,8
Belgium,Romelu Lukaku,FW,9
Belgium,Leandro Trossard,FW,10
Belgium,Jérémy Doku,FW,11
Belgium,Senne Lammens,GK,12
Belgium,Mike Penders,GK,13
Belgium,Dodi Lukébakio,FW,14
Belgium,Thomas Meunier,DF,15
Belgium,Koni De Winter,DF,16
Belgium,Charles De Ketelaere,FW,17
Belgium,Joaquin Seys,DF,18
Belgium,Diego Moreira,MF,19
Belgium,Hans Vanaken,MF,20
Belgium,Timothy Castagne,DF,21
Belgium,Alexis Saelemaekers,MF,22
Belgium,Nicolas Raskin,MF,23
Belgium,Amadou Onana,MF,24
Belgium,Nathan Ngoy,DF,25
Belgium,Matias Fernandez-Pardo,FW,26
Bosnia and Herzegovina,Nikola Vasilj,GK,1
Bosnia and Herzegovina,Nihad Mujakić,DF,2
Bosnia and Herzegovina,Dennis Hadžikadunić,DF,3
Bosnia and Herzegovina,Tarik Muharemović,DF,4
Bosnia and Herzegovina,Sead Kolašinac,DF,5
Bosnia and Herzegovina,Benjamin Tahirović,MF,6
Bosnia and Herzegovina,Amar Dedić,DF,7
Bosnia and Herzegovina,Armin Gigović,MF,8
Bosnia and Herzegovina,Samed Baždar,FW,9
Bosnia and Herzegovina,Ermedin Demirović,FW,10
Bosnia and Herzegovina,Edin Džeko,FW,11
Bosnia and Herzegovina,Mladen Jurkas,GK,12
Bosnia and Herzegovina,Ivan Bašić,MF,13
Bosnia and Herzegovina,Ivan Šunjić,MF,14
Bosnia and Herzegovina,Amar Memić,MF,15
Bosnia and Herzegovina,Amir Hadžiahmetović,MF,16
Bosnia and Herzegovina,Dženis Burnić,MF,17
Bosnia and Herzegovina,Nikola Katić,DF,18
Bosnia and Herzegovina,Kerim Alajbegović,FW,19
Bosnia and Herzegovina,Esmir Bajraktarević,FW,20
Bosnia and Herzegovina,Stjepan Radeljić,DF,21
Bosnia and Herzegovina,Martin Zlomislić,GK,22
Bosnia and Herzegovina,Haris Tabaković,FW,23
Bosnia and Herzegovina,Arjan Malić,DF,24
Bosnia and Herzegovina,Jovo Lukić,FW,25
Bosnia and Herzegovina,Ermin Mahmić,MF,26
Brazil,Alisson,GK,1
Brazil,Éderson Silva,MF,2
Brazil,Gabriel Magalhães,DF,3
Brazil,Marquinhos,DF,4
Brazil,Casemiro,MF,5
Brazil,Alex Sandro,DF,6
Brazil,Vinícius Júnior,FW,7
Brazil,Bruno Guimarães,MF,8
Brazil,Matheus Cunha,FW,9
Brazil,Neymar,FW,10
Brazil,Raphinha,FW,11
Brazil,Weverton,GK,12
Brazil,Danilo Luiz,DF,13
Brazil,Bremer,DF,14
Brazil,Léo Pereira,DF,15
Brazil,Douglas Santos,DF,16
Brazil,Fabinho,MF,17
Brazil,Danilo Santos,MF,18
Brazil,Endrick,FW,19
Brazil,Lucas Paquetá,MF,20
Brazil,Luiz Henrique,FW,21
Brazil,Gabriel Martinelli,FW,22
Brazil,Ederson Moraes,GK,23
Brazil,Roger Ibañez,DF,24
Brazil,Igor Thiago,FW,25
Brazil,Rayan,FW,26
Canada,Dayne St. Clair,GK,1
Canada,Alistair Johnston,DF,2
Canada,Alfie Jones,DF,3
Canada,Luc de Fougerolles,DF,4
Canada,Joel Waterman,DF,5
Canada,Mathieu Choinière,MF,6
Canada,Stephen Eustáquio,MF,7
Canada,Ismaël Koné,MF,8
Canada,Cyle Larin,FW,9
Canada,Jonathan David,FW,10
Canada,Liam Millar,MF,11
Canada,Tani Oluwaseyi,FW,12
Canada,Derek Cornelius,DF,13
Canada,Jacob Shaffelburg,MF,14
Canada,Moïse Bombito,DF,15
Canada,Maxime Crépeau,GK,16
Canada,Tajon Buchanan,FW,17
Canada,Owen Goodman,GK,18
Canada,Alphonso Davies,DF,19
Canada,Ali Ahmed,FW,20
Canada,Jonathan Osorio,MF,21
Canada,Richie Laryea,DF,22
Canada,Niko Sigur,DF,23
Canada,Promise David,FW,24
Canada,Nathan Saliba,MF,25
Canada,Jayden Nelson,FW,26
Cape Verde,Vozinha,GK,1
Cape Verde,Stopira,DF,2
Cape Verde,Diney,DF,3
Cape Verde,Roberto Lopes,DF,4
Cape Verde,Logan Costa,DF,5
Cape Verde,Kevin Pina,MF,6
Cape Verde,Jovane Cabral,MF,7
Cape Verde,João Paulo,MF,8
Cape Verde,Gilson Benchimol,FW,9
Cape Verde,Jamiro Monteiro,MF,10
Cape Verde,Garry Rodrigues,MF,11
Cape Verde,Márcio Rosa,GK,12
Cape Verde,Sidny Lopes Cabral,DF,13
Cape Verde,Deroy Duarte,MF,14
Cape Verde,Laros Duarte,MF,15
Cape Verde,Yannick Semedo,MF,16
Cape Verde,Willy Semedo,MF,17
Cape Verde,Telmo Arcanjo,MF,18
Cape Verde,Dailon Livramento,FW,19
Cape Verde,Ryan Mendes,FW,20
Cape Verde,Nuno da Costa,MF,21
Cape Verde,Steven Moreira,DF,22
Cape Verde,CJ dos Santos,GK,23
Cape Verde,Wagner Pina,DF,24
Cape Verde,Kelvin Pires,DF,25
Cape Verde,Hélio Varela,MF,26
Colombia,David Ospina,GK,1
Colombia,Daniel Muñoz,DF,2
Colombia,Jhon Lucumí,DF,3
Colombia,Santiago Arias,DF,4
Colombia,Kevin Castaño,MF,5
Colombia,Richard Ríos,MF,6
Colombia,Luis Díaz,FW,7
Colombia,Jorge Carrascal,MF,8
Colombia,Jhon Córdoba,FW,9
Colombia,James Rodríguez,MF,10
Colombia,Jhon Arias,MF,11
Colombia,Camilo Vargas,GK,12
Colombia,Yerry Mina,DF,13
Colombia,Gustavo Puerta,DF,14
Colombia,Juan Portilla,MF,15
Colombia,Jefferson Lerma,MF,16
Colombia,Johan Mojica,DF,17
Colombia,Willer Ditta,DF,18
Colombia,Cucho Hernández,FW,19
Colombia,Juan Fernando Quintero,MF,20
Colombia,Jaminton Campaz,FW,21
Colombia,Deiver Machado,DF,22
Colombia,Davinson Sánchez,DF,23
Colombia,Álvaro Montero,GK,24
Colombia,Luis Suárez,FW,25
Colombia,Andrés Gómez,FW,26
Croatia,Dominik Livaković,GK,1
Croatia,Josip Stanišić,DF,2
Croatia,Marin Pongračić,DF,3
Croatia,Joško Gvardiol,DF,4
Croatia,Duje Ćaleta-Car,DF,5
Croatia,Josip Šutalo,DF,6
Croatia,Nikola Moro,MF,7
Croatia,Mateo Kovačić,MF,8
Croatia,Andrej Kramarić,FW,9
Croatia,Luka Modrić,MF,10
Croatia,Ante Budimir,FW,11
Croatia,Ivor Pandur,GK,12
Croatia,Nikola Vlašić,MF,13
Croatia,Ivan Perišić,FW,14
Croatia,Mario Pašalić,MF,15
Croatia,Martin Baturina,MF,16
Croatia,Petar Sučić,MF,17
Croatia,Kristijan Jakić,DF,18
Croatia,Toni Fruk,MF,19
Croatia,Igor Matanović,FW,20
Croatia,Luka Sučić,MF,21
Croatia,Luka Vušković,DF,22
Croatia,Dominik Kotarski,GK,23
Croatia,Marco Pašalić,FW,24
Croatia,Martin Erlić,DF,25
Croatia,Petar Musa,FW,26
Curacao,Eloy Room,GK,1
Curacao,Shurandy Sambo,DF,2
Curacao,Juriën Gaari,DF,3
Curacao,Roshon van Eijma,DF,4
Curacao,Sherel Floranus,DF,5
Curacao,Godfried Roemeratoe,MF,6
Curacao,Juninho Bacuna,MF,7
Curacao,Livano Comenencia,MF,8
Curacao,Jürgen Locadia,FW,9
Curacao,Leandro Bacuna,MF,10
Curacao,Jeremy Antonisse,FW,11
Curacao,Sontje Hansen,FW,12
Curacao,Tyrese Noslin,FW,13
Curacao,Kenji Gorré,FW,14
Curacao,Ar'jany Martha,MF,15
Curacao,Jearl Margaritha,FW,16
Curacao,Brandley Kuwas,FW,17
Curacao,Armando Obispo,DF,18
Curacao,Gervane Kastaneer,FW,19
Curacao,Joshua Brenet,DF,20
Curacao,Tahith Chong,MF,21
Curacao,Kevin Felida,MF,22
Curacao,Riechedly Bazoer,DF,23
Curacao,Deveron Fonville,DF,24
Curacao,Tyrick Bodak,GK,25
Curacao,Trevor Doornbusch,GK,26
Czech Republic,Matěj Kovář,GK,1
Czech Republic,David Zima,DF,2
Czech Republic,Tomáš Holeš,DF,3
Czech Republic,Robin Hranáč,DF,4
Czech Republic,Vladimír Coufal,DF,5
Czech Republic,Štěpán Chaloupek,DF,6
Czech Republic,Ladislav Krejčí,DF,7
Czech Republic,Vladimír Darida,MF,8
Czech Republic,Adam Hložek,FW,9
Czech Republic,Patrik Schick,FW,10
Czech Republic,Jan Kuchta,FW,11
Czech Republic,Lukáš Červ,MF,12
Czech Republic,Mojmír Chytil,FW,13
Czech Republic,David Jurásek,DF,14
Czech Republic,Pavel Šulc,FW,15
Czech Republic,Jindřich Staněk,GK,16
Czech Republic,Lukáš Provod,MF,17
Czech Republic,Michal Sadílek,MF,18
Czech Republic,Tomáš Chorý,FW,19
Czech Republic,Jaroslav Zelený,DF,20
Czech Republic,David Douděra,DF,21
Czech Republic,Tomáš Souček,MF,22
Czech Republic,Lukáš Horníček,GK,23
Czech Republic,Alexandr Sojka,MF,24
Czech Republic,Hugo Sochůrek,MF,25
Czech Republic,Denis Višinský,FW,26
DR Congo,Lionel Mpasi,GK,1
DR Congo,Aaron Wan-Bissaka,DF,2
DR Congo,Steve Kapuadi,DF,3
DR Congo,Axel Tuanzebe,DF,4
DR Congo,Dylan Batubinsika,DF,5
DR Congo,Ngal'ayel Mukau,MF,6
DR Congo,Nathanaël Mbuku,MF,7
DR Congo,Samuel Moutoussamy,MF,8
DR Congo,Brian Cipenga,FW,9
DR Congo,Théo Bongonda,MF,10
DR Congo,Gaël Kakuta,FW,11
DR Congo,Joris Kayembe,DF,12
DR Congo,Meschak Elia,FW,13
DR Congo,Noah Sadiki,MF,14
DR Congo,Aaron Tshibola,MF,15
DR Congo,Timothy Fayulu,GK,16
DR Congo,Cédric Bakambu,FW,17
DR Congo,Charles Pickel,MF,18
DR Congo,Fiston Mayele,FW,19
DR Congo,Yoane Wissa,FW,20
DR Congo,Matthieu Epolo,GK,21
DR Congo,Chancel Mbemba,DF,22
DR Congo,Simon Banza,FW,23
DR Congo,Gédéon Kalulu,DF,24
DR Congo,Edo Kayembe,MF,25
DR Congo,Arthur Masuaku,DF,26
Ecuador,Hernán Galíndez,GK,1
Ecuador,Félix Torres,DF,2
Ecuador,Piero Hincapié,DF,3
Ecuador,Joel Ordóñez,DF,4
Ecuador,Jordy Alcívar,MF,5
Ecuador,Willian Pacho,DF,6
Ecuador,Pervis Estupiñán,DF,7
Ecuador,Anthony Valencia,MF,8
Ecuador,John Yeboah,FW,9
Ecuador,Kendry Páez,MF,10
Ecuador,Kevin Rodríguez,FW,11
Ecuador,Moisés Ramírez,GK,12
Ecuador,Enner Valencia,FW,13
Ecuador,Alan Minda,MF,14
Ecuador,Pedro Vite,MF,15
Ecuador,Jordy Caicedo,FW,16
Ecuador,Ángelo Preciado,DF,17
Ecuador,Denil Castillo,MF,18
Ecuador,Gonzalo Plata,FW,19
Ecuador,Nilson Angulo,FW,20
Ecuador,Alan Franco,MF,21
Ecuador,Gonzalo Valle,GK,22
Ecuador,Moisés Caicedo,MF,23
Ecuador,Jeremy Arévalo,FW,24
Ecuador,Jackson Porozo,DF,25
Ecuador,Yaimar Medina,DF,26
Egypt,Mohamed El Shenawy,GK,1
Egypt,Yasser Ibrahim,DF,2
Egypt,Mohamed Hany,DF,3
Egypt,Hossam Abdelmaguid,DF,4
Egypt,Ramy Rabia,DF,5
Egypt,Mohamed Abdelmonem,DF,6
Egypt,Trézéguet,FW,7
Egypt,Emam Ashour,MF,8
Egypt,Hamza Abdelkarim,FW,9
Egypt,Mohamed Salah,FW,10
Egypt,Mostafa Ziko,MF,11
Egypt,Haissem Hassan,FW,12
Egypt,Ahmed Fatouh,DF,13
Egypt,Hamdy Fathy,MF,14
Egypt,Karim Hafez,DF,15
Egypt,El Mahdy Soliman,GK,16
Egypt,Mohanad Lasheen,MF,17
Egypt,Nabil Emad,MF,18
Egypt,Marwan Attia,MF,19
Egypt,Ibrahim Adel,FW,20
Egypt,Mahmoud Saber,MF,21
Egypt,Omar Marmoush,FW,22
Egypt,Mostafa Shobeir,GK,23
Egypt,Tarek Alaa,DF,24
Egypt,Zizo,FW,25
Egypt,Mohamed Alaa,GK,26
England,Jordan Pickford,GK,1
England,Ezri Konsa,DF,2
England,Nico O'Reilly,DF,3
England,Declan Rice,MF,4
England,John Stones,DF,5
England,Marc Guéhi,DF,6
England,Bukayo Saka,FW,7
England,Elliot Anderson,MF,8
England,Harry Kane,FW,9
England,Jude Bellingham,MF,10
England,Marcus Rashford,FW,11
England,Tino Livramento,DF,12
England,Dean Henderson,GK,13
England,Jordan Henderson,MF,14
England,Dan Burn,DF,15
England,Kobbie Mainoo,MF,16
England,Morgan Rogers,MF,17
England,Anthony Gordon,FW,18
England,Ollie Watkins,FW,19
England,Noni Madueke,FW,20
England,Eberechi Eze,MF,21
England,Ivan Toney,FW,22
England,James Trafford,GK,23
England,Reece James,DF,24
England,Djed Spence,DF,25
England,Jarell Quansah,DF,26
France,Brice Samba,GK,1
France,Malo Gusto,DF,2
France,Lucas Digne,DF,3
France,Dayot Upamecano,DF,4
France,Jules Koundé,DF,5
France,Manu Koné,MF,6
France,Ousmane Dembélé,FW,7
France,Aurélien Tchouaméni,MF,8
France,Marcus Thuram,FW,9
France,Kylian Mbappé,FW,10
France,Michael Olise,FW,11
France,Bradley Barcola,FW,12
France,N'Golo Kanté,MF,13
France,Adrien Rabiot,MF,14
France,Ibrahima Konaté,DF,15
France,Mike Maignan,GK,16
France,William Saliba,DF,17
France,Warren Zaïre-Emery,MF,18
France,Théo Hernandez,DF,19
France,Désiré Doué,FW,20
France,Lucas Hernandez,DF,21
France,Jean-Philippe Mateta,FW,22
France,Robin Risser,GK,23
France,Rayan Cherki,MF,24
France,Maghnes Akliouche,MF,25
France,Maxence Lacroix,DF,26
Germany,Manuel Neuer,GK,1
Germany,Antonio Rüdiger,DF,2
Germany,Waldemar Anton,DF,3
Germany,Jonathan Tah,DF,4
Germany,Aleksandar Pavlović,MF,5
Germany,Joshua Kimmich,DF,6
Germany,Kai Havertz,FW,7
Germany,Leon Goretzka,MF,8
Germany,Jamie Leweling,MF,9
Germany,Jamal Musiala,MF,10
Germany,Nick Woltemade,FW,11
Germany,Oliver Baumann,GK,12
Germany,Pascal Groß,MF,13
Germany,Maximilian Beier,FW,14
Germany,Nico Schlotterbeck,DF,15
Germany,Angelo Stiller,MF,16
Germany,Florian Wirtz,MF,17
Germany,Nathaniel Brown,DF,18
Germany,Leroy Sané,MF,19
Germany,Nadiem Amiri,MF,20
Germany,Alexander Nübel,GK,21
Germany,David Raum,DF,22
Germany,Felix Nmecha,MF,23
Germany,Malick Thiaw,DF,24
Germany,Assan Ouédraogo,MF,25
Germany,Deniz Undav,FW,26
Ghana,Lawrence Ati-Zigi,GK,1
Ghana,Alidu Seidu,DF,2
Ghana,Caleb Yirenkyi,MF,3
Ghana,Jonas Adjetey,DF,4
Ghana,Thomas Partey,MF,5
Ghana,Abdul Mumin,DF,6
Ghana,Abdul Fatawu,FW,7
Ghana,Kwasi Sibo,MF,8
Ghana,Jordan Ayew,FW,9
Ghana,Brandon Thomas-Asante,FW,10
Ghana,Antoine Semenyo,MF,11
Ghana,Joseph Anang,GK,12
Ghana,Christopher Bonsu Baah,FW,13
Ghana,Gideon Mensah,DF,14
Ghana,Elisha Owusu,MF,15
Ghana,Benjamin Asare,GK,16
Ghana,Abdul Rahman Baba,DF,17
Ghana,Jerome Opoku,DF,18
Ghana,Iñaki Williams,FW,19
Ghana,Augustine Boakye,MF,20
Ghana,Kojo Peprah Oppong,DF,21
Ghana,Kamaldeen Sulemana,FW,22
Ghana,Derrick Luckassen,DF,23
Ghana,Ernest Nuamah,FW,24
Ghana,Prince Kwabena Adu,FW,25
Ghana,Marvin Senaya,DF,26
Haiti,Johny Placide,GK,1
Haiti,Carlens Arcus,DF,2
Haiti,Keeto Thermoncy,DF,3
Haiti,Ricardo Adé,DF,4
Haiti,Hannes Delcroix,DF,5
Haiti,Carl Sainté,MF,6
Haiti,Derrick Etienne Jr.,FW,7
Haiti,Martin Expérience,DF,8
Haiti,Duckens Nazon,FW,9
Haiti,Jean-Ricner Bellegarde,MF,10
Haiti,Louicius Deedson,FW,11
Haiti,Alexandre Pierre,GK,12
Haiti,Duke Lacroix,DF,13
Haiti,Garven Metusala,DF,14
Haiti,Ruben Providence,FW,15
Haiti,Lenny Joseph,FW,16
Haiti,Danley Jean Jacques,MF,17
Haiti,Wilson Isidor,FW,18
Haiti,Yassin Fortuné,FW,19
Haiti,Frantzdy Pierrot,FW,20
Haiti,Josué Casimir,FW,21
Haiti,Jean-Kévin Duverne,DF,22
Haiti,Josué Duverger,GK,23
Haiti,Wilguens Paugain,DF,24
Haiti,Dominique Simon,MF,25
Haiti,Woodensky Pierre,MF,26
Iran,Alireza Beiranvand,GK,1
Iran,Saleh Hardani,DF,2
Iran,Ehsan Hajsafi,DF,3
Iran,Shojae Khalilzadeh,DF,4
Iran,Milad Mohammadi,DF,5
Iran,Saeid Ezatolahi,MF,6
Iran,Alireza Jahanbakhsh,MF,7
Iran,Mohammad Mohebi,MF,8
Iran,Mehdi Taremi,FW,9
Iran,Mehdi Ghayedi,FW,10
Iran,Ali Alipour,FW,11
Iran,Payam Niazmand,GK,12
Iran,Hossein Kanaanizadegan,DF,13
Iran,Saman Ghoddos,MF,14
Iran,Rouzbeh Cheshmi,MF,15
Iran,Mehdi Torabi,MF,16
Iran,Aria Yousefi,DF,17
Iran,Amirhossein Hosseinzadeh,FW,18
Iran,Ali Nemati,DF,19
Iran,Shahriyar Moghanlou,FW,20
Iran,Mohammad Ghorbani,MF,21
Iran,Hossein Hosseini,GK,22
Iran,Ramin Rezaeian,DF,23
Iran,Dennis Eckert,FW,24
Iran,Danial Eiri,DF,25
Iran,Amirmohammad Razzaghinia,MF,26
Iraq,Fahad Talib,GK,1
Iraq,Rebin Sulaka,DF,2
Iraq,Hussein Ali,DF,3
Iraq,Zaid Tahseen,DF,4
Iraq,Akam Hashim,DF,5
Iraq,Manaf Younis,DF,6
Iraq,Youssef Amyn,MF,7
Iraq,Ibrahim Bayesh,MF,8
Iraq,Ali Al-Hamadi,FW,9
Iraq,Mohanad Ali,FW,10
Iraq,Ahmed Qasem,FW,11
Iraq,Jalal Hassan,GK,12
Iraq,Ali Yousif,FW,13
Iraq,Zidane Iqbal,MF,14
Iraq,Ahmed Maknzi,DF,15
Iraq,Amir Al-Ammari,MF,16
Iraq,Ali Jasim,FW,17
Iraq,Aymen Hussein,FW,18
Iraq,Kevin Yakob,MF,19
Iraq,Aimar Sher,MF,20
Iraq,Marko Farji,FW,21
Iraq,Ahmed Basil,GK,22
Iraq,Merchas Doski,DF,23
Iraq,Zaid Ismail,MF,24
Iraq,Mustafa Saadoon,DF,25
Iraq,Frans Putros,DF,26
Ivory Coast,Yahia Fofana,GK,1
Ivory Coast,Ousmane Diomande,DF,2
Ivory Coast,Ghislain Konan,DF,3
Ivory Coast,Jean Michaël Seri,MF,4
Ivory Coast,Wilfried Singo,DF,5
Ivory Coast,Seko Fofana,MF,6
Ivory Coast,Odilon Kossounou,DF,7
Ivory Coast,Franck Kessié,MF,8
Ivory Coast,Ange-Yoan Bonny,FW,9
Ivory Coast,Simon Adingra,FW,10
Ivory Coast,Yan Diomande,FW,11
Ivory Coast,Elye Wahi,FW,12
Ivory Coast,Christopher Opéri,DF,13
Ivory Coast,Oumar Diakité,FW,14
Ivory Coast,Amad Diallo,FW,15
Ivory Coast,Mohamed Koné,GK,16
Ivory Coast,Guéla Doué,DF,17
Ivory Coast,Ibrahim Sangaré,MF,18
Ivory Coast,Nicolas Pépé,FW,19
Ivory Coast,Emmanuel Agbadou,DF,20
Ivory Coast,Evan Ndicka,DF,21
Ivory Coast,Evann Guessand,FW,22
Ivory Coast,Alban Lafont,GK,23
Ivory Coast,Bazoumana Touré,FW,24
Ivory Coast,Parfait Guiagon,MF,25
Ivory Coast,Christ Inao Oulaï,MF,26
Japan,Zion Suzuki,GK,1
Japan,Yukinari Sugawara,DF,2
Japan,Shōgo Taniguchi,DF,3
Japan,Kō Itakura,DF,4
Japan,Yūto Nagatomo,DF,5
Japan,Shūto Machino,FW,6
Japan,Ao Tanaka,MF,7
Japan,Takefusa Kubo,MF,8
Japan,Keisuke Gotō,FW,9
Japan,Ritsu Dōan,MF,10
Japan,Daizen Maeda,MF,11
Japan,Keisuke Ōsako,GK,12
Japan,Keito Nakamura,MF,13
Japan,Junya Itō,MF,14
Japan,Daichi Kamada,MF,15
Japan,Tsuyoshi Watanabe,DF,16
Japan,Yuito Suzuki,MF,17
Japan,Ayase Ueda,FW,18
Japan,Kōki Ogawa,FW,19
Japan,Ayumu Seko,DF,20
Japan,Hiroki Itō,DF,21
Japan,Takehiro Tomiyasu,DF,22
Japan,Tomoki Hayakawa,GK,23
Japan,Kaishū Sano,MF,24
Japan,Junnosuke Suzuki,DF,25
Japan,Kento Shiogai,FW,26
Jordan,Yazeed Abulaila,GK,1
Jordan,Mohammad Abu Hashish,DF,2
Jordan,Abdallah Nasib,DF,3
Jordan,Husam Abu Dahab,DF,4
Jordan,Yazan Al-Arab,DF,5
Jordan,Amer Jamous,MF,6
Jordan,Mohammad Abu Zrayq,FW,7
Jordan,Noor Al-Rawabdeh,MF,8
Jordan,Ali Olwan,FW,9
Jordan,Musa Al-Taamari,FW,10
Jordan,Odeh Al-Fakhouri,FW,11
Jordan,Nour Bani Attiah,GK,12
Jordan,Mahmoud Al-Mardi,FW,13
Jordan,Rajaei Ayed,MF,14
Jordan,Ibrahim Sadeh,MF,15
Jordan,Mo Abualnadi,DF,16
Jordan,Salim Obaid,DF,17
Jordan,Mohammad Taha,MF,18
Jordan,Saed Al-Rosan,DF,19
Jordan,Mohannad Abu Taha,MF,20
Jordan,Nizar Al-Rashdan,MF,21
Jordan,Abdallah Al-Fakhouri,GK,22
Jordan,Ihsan Haddad,DF,23
Jordan,Ali Azaizeh,FW,24
Jordan,Mohammad Al-Dawoud,MF,25
Jordan,Anas Badawi,DF,26
Mexico,Raúl Rangel,GK,1
Mexico,Jorge Sánchez,DF,2
Mexico,César Montes,DF,3
Mexico,Edson Álvarez,DF,4
Mexico,Johan Vásquez,DF,5
Mexico,Érik Lira,MF,6
Mexico,Luis Romo,MF,7
Mexico,Álvaro Fidalgo,MF,8
Mexico,Raúl Jiménez,FW,9
Mexico,Alexis Vega,FW,10
Mexico,Santiago Giménez,FW,11
Mexico,Carlos Acevedo,GK,12
Mexico,Guillermo Ochoa,GK,13
Mexico,Armando González,FW,14
Mexico,Israel Reyes,DF,15
Mexico,Julián Quiñones,FW,16
Mexico,Orbelín Pineda,MF,17
Mexico,Obed Vargas,MF,18
Mexico,Gilberto Mora,MF,19
Mexico,Mateo Chávez,DF,20
Mexico,César Huerta,FW,21
Mexico,Guillermo Martínez,FW,22
Mexico,Jesús Gallardo,DF,23
Mexico,Luis Chávez,MF,24
Mexico,Roberto Alvarado,FW,25
Mexico,Brian Gutiérrez,MF,26
Morocco,Yassine Bounou,GK,1
Morocco,Achraf Hakimi,DF,2
Morocco,Noussair Mazraoui,DF,3
Morocco,Sofyan Amrabat,MF,4
Morocco,Marwane Saâdane,DF,5
Morocco,Ayyoub Bouaddi,MF,6
Morocco,Chemsdine Talbi,MF,7
Morocco,Azzedine Ounahi,MF,8
Morocco,Soufiane Rahimi,FW,9
Morocco,Brahim Díaz,FW,10
Morocco,Ismael Saibari,MF,11
Morocco,Munir Mohamedi,GK,12
Morocco,Zakaria El Ouahdi,DF,13
Morocco,Issa Diop,DF,14
Morocco,Samir El Mourabet,MF,15
Morocco,Gessime Yassine,MF,16
Morocco,Amine Sbaï,FW,17
Morocco,Chadi Riad,DF,18
Morocco,Youssef Belammari,DF,19
Morocco,Ayoub El Kaabi,FW,20
Morocco,Ayoube Amaimouni,FW,21
Morocco,Ahmed Reda Tagnaouti,GK,22
Morocco,Bilal El Khannouss,MF,23
Morocco,Neil El Aynaoui,MF,24
Morocco,Redouane Halhal,DF,25
Morocco,Anass Salah-Eddine,DF,26
Netherlands,Bart Verbruggen,GK,1
Netherlands,Lutsharel Geertruida,DF,2
Netherlands,Marten de Roon,MF,3
Netherlands,Virgil van Dijk,DF,4
Netherlands,Nathan Aké,DF,5
Netherlands,Jan Paul van Hecke,DF,6
Netherlands,Justin Kluivert,MF,7
Netherlands,Ryan Gravenberch,MF,8
Netherlands,Wout Weghorst,FW,9
Netherlands,Memphis Depay,FW,10
Netherlands,Cody Gakpo,FW,11
Netherlands,Mats Wieffer,DF,12
Netherlands,Robin Roefs,GK,13
Netherlands,Tijjani Reijnders,MF,14
Netherlands,Micky van de Ven,DF,15
Netherlands,Guus Til,MF,16
Netherlands,Noa Lang,FW,17
Netherlands,Donyell Malen,FW,18
Netherlands,Brian Brobbey,FW,19
Netherlands,Teun Koopmeiners,MF,20
Netherlands,Frenkie de Jong,MF,21
Netherlands,Denzel Dumfries,DF,22
Netherlands,Mark Flekken,GK,23
Netherlands,Crysencio Summerville,FW,24
Netherlands,Jorrel Hato,DF,25
Netherlands,Quinten Timber,MF,26
New Zealand,Max Crocombe,GK,1
New Zealand,Tim Payne,DF,2
New Zealand,Francis de Vries,DF,3
New Zealand,Tyler Bindon,DF,4
New Zealand,Michael Boxall,DF,5
New Zealand,Joe Bell,MF,6
New Zealand,Logan Rogerson,FW,7
New Zealand,Marko Stamenić,MF,8
New Zealand,Chris Wood,FW,9
New Zealand,Sarpreet Singh,MF,10
New Zealand,Elijah Just,MF,11
New Zealand,Alex Paulsen,GK,12
New Zealand,Liberato Cacace,DF,13
New Zealand,Alex Rufer,MF,14
New Zealand,Nando Pijnaker,DF,15
New Zealand,Finn Surman,DF,16
New Zealand,Kosta Barbarouses,FW,17
New Zealand,Ben Waine,FW,18
New Zealand,Ben Old,MF,19
New Zealand,Callum McCowatt,MF,20
New Zealand,Jesse Randall,FW,21
New Zealand,Michael Woud,GK,22
New Zealand,Ryan Thomas,MF,23
New Zealand,Callan Elliot,DF,24
New Zealand,Lachlan Bayliss,MF,25
New Zealand,Tommy Smith,DF,26
Norway,Ørjan Nyland,GK,1
Norway,Morten Thorsby,MF,2
Norway,Kristoffer Ajer,DF,3
Norway,Leo Østigård,DF,4
Norway,David Møller Wolfe,DF,5
Norway,Patrick Berg,MF,6
Norway,Alexander Sørloth,FW,7
Norway,Sander Berge,MF,8
Norway,Erling Haaland,FW,9
Norway,Martin Ødegaard,MF,10
Norway,Jørgen Strand Larsen,FW,11
Norway,Sander Tangvik,GK,12
Norway,Egil Selvik,GK,13
Norway,Fredrik Aursnes,MF,14
Norway,Fredrik André Bjørkan,DF,15
Norway,Marcus Holmgren Pedersen,DF,16
Norway,Torbjørn Heggem,DF,17
Norway,Kristian Thorstvedt,MF,18
Norway,Thelo Aasgaard,MF,19
Norway,Antonio Nusa,MF,20
Norway,Andreas Schjelderup,MF,21
Norway,Oscar Bobb,MF,22
Norway,Jens Petter Hauge,MF,23
Norway,Sondre Langås,DF,24
Norway,Henrik Falchener,DF,25
Norway,Julian Ryerson,DF,26
Panama,Luis Mejía,GK,1
Panama,César Blackman,DF,2
Panama,José Córdoba,DF,3
Panama,Fidel Escobar,DF,4
Panama,Edgardo Fariña,DF,5
Panama,Cristian Martínez,MF,6
Panama,José Luis Rodríguez,MF,7
Panama,Adalberto Carrasquilla,MF,8
Panama,Tomás Rodríguez,FW,9
Panama,Ismael Díaz,MF,10
Panama,Yoel Bárcenas,MF,11
Panama,César Samudio,GK,12
Panama,Jiovany Ramos,DF,13
Panama,Carlos Harvey,DF,14
Panama,Eric Davis,DF,15
Panama,Andrés Andrade,DF,16
Panama,José Fajardo,FW,17
Panama,Cecilio Waterman,FW,18
Panama,Alberto Quintero,MF,19
Panama,Aníbal Godoy,MF,20
Panama,César Yanis,MF,21
Panama,Orlando Mosquera,GK,22
Panama,Michael Amir Murillo,DF,23
Panama,Azarias Londoño,FW,24
Panama,Roderick Miller,DF,25
Panama,Jorge Gutiérrez,DF,26
Paraguay,Gatito Fernández,GK,1
Paraguay,Gustavo Velázquez,DF,2
Paraguay,Omar Alderete,DF,3
Paraguay,Juan José Cáceres,DF,4
Paraguay,Fabián Balbuena,DF,5
Paraguay,Júnior Alonso,DF,6
Paraguay,Ramón Sosa,MF,7
Paraguay,Diego Gómez,MF,8
Paraguay,Antonio Sanabria,FW,9
Paraguay,Miguel Almirón,MF,10
Paraguay,Maurício,MF,11
Paraguay,Orlando Gill,GK,12
Paraguay,José Canale,DF,13
Paraguay,Andrés Cubas,MF,14
Paraguay,Gustavo Gómez,DF,15
Paraguay,Damián Bobadilla,MF,16
Paraguay,Kaku,FW,17
Paraguay,Álex Arce,FW,18
Paraguay,Julio Enciso,FW,19
Paraguay,Braian Ojeda,MF,20
Paraguay,Gabriel Ávalos,FW,21
Paraguay,Gastón Olveira,GK,22
Paraguay,Matías Galarza,MF,23
Paraguay,Gustavo Caballero,MF,24
Paraguay,Isidro Pitta,FW,25
Paraguay,Alexandro Maidana,DF,26
Portugal,Diogo Costa,GK,1
Portugal,Nélson Semedo,DF,2
Portugal,Rúben Dias,DF,3
Portugal,Tomás Araújo,DF,4
Portugal,Diogo Dalot,DF,5
Portugal,Matheus Nunes,MF,6
Portugal,Cristiano Ronaldo,FW,7
Portugal,Bruno Fernandes,MF,8
Portugal,Gonçalo Ramos,FW,9
Portugal,Bernardo Silva,MF,10
Portugal,João Félix,FW,11
Portugal,José Sá,GK,12
Portugal,Renato Veiga,DF,13
Portugal,Gonçalo Inácio,DF,14
Portugal,João Neves,MF,15
Portugal,Francisco Trincão,FW,16
Portugal,Rafael Leão,FW,17
Portugal,Pedro Neto,FW,18
Portugal,Gonçalo Guedes,FW,19
Portugal,João Cancelo,DF,20
Portugal,Rúben Neves,MF,21
Portugal,Rui Silva,GK,22
Portugal,Vitinha,MF,23
Portugal,Samú Costa,DF,24
Portugal,Nuno Mendes,DF,25
Portugal,Francisco Conceição,FW,26
Qatar,Mahmud Abunada,GK,1
Qatar,Pedro Miguel,DF,2
Qatar,Lucas Mendes,DF,3
Qatar,Issa Laye,DF,4
Qatar,Jassem Gaber,DF,5
Qatar,Abdulaziz Hatem,MF,6
Qatar,Ahmed Alaaeldin,FW,7
Qatar,Edmilson Junior,FW,8
Qatar,Mohammed Muntari,FW,9
Qatar,Hassan Al-Haydos,FW,10
Qatar,Akram Afif,FW,11
Qatar,Karim Boudiaf,MF,12
Qatar,Ayoub Al-Oui,DF,13
Qatar,Homam Ahmed,DF,14
Qatar,Yusuf Abdurisag,FW,15
Qatar,Boualem Khoukhi,DF,16
Qatar,Ahmed Al-Ganehi,MF,17
Qatar,Sultan Al-Brake,DF,18
Qatar,Almoez Ali,FW,19
Qatar,Ahmed Fathy,MF,20
Qatar,Salah Zakaria,GK,21
Qatar,Meshaal Barsham,GK,22
Qatar,Assim Madibo,MF,23
Qatar,Tahsin Jamshid,FW,24
Qatar,Al-Hashmi Al-Hussain,DF,25
Qatar,Mohamed Manai,FW,26
Saudi Arabia,Nawaf Al-Aqidi,GK,1
Saudi Arabia,Ali Majrashi,DF,2
Saudi Arabia,Ali Lajami,DF,3
Saudi Arabia,Abdulelah Al-Amri,DF,4
Saudi Arabia,Hassan Al-Tambakti,DF,5
Saudi Arabia,Nasser Al-Dawsari,MF,6
Saudi Arabia,Musab Al-Juwayr,MF,7
Saudi Arabia,Ayman Yahya,FW,8
Saudi Arabia,Firas Al-Buraikan,FW,9
Saudi Arabia,Salem Al-Dawsari,FW,10
Saudi Arabia,Saleh Al-Shehri,FW,11
Saudi Arabia,Saud Abdulhamid,DF,12
Saudi Arabia,Nawaf Boushal,DF,13
Saudi Arabia,Hassan Kadesh,DF,14
Saudi Arabia,Abdullah Al-Khaibari,MF,15
Saudi Arabia,Ziyad Al-Johani,MF,16
Saudi Arabia,Khalid Al-Ghannam,FW,17
Saudi Arabia,Alaa Al-Hejji,MF,18
Saudi Arabia,Abdullah Al-Hamdan,FW,19
Saudi Arabia,Sultan Mandash,FW,20
Saudi Arabia,Mohammed Al-Owais,GK,21
Saudi Arabia,Ahmed Al-Kassar,GK,22
Saudi Arabia,Mohamed Kanno,MF,23
Saudi Arabia,Moteb Al-Harbi,DF,24
Saudi Arabia,Jehad Thakri,DF,25
Saudi Arabia,Mohammed Abu Al-Shamat,DF,26
Scotland,Angus Gunn,GK,1
Scotland,Aaron Hickey,DF,2
Scotland,Andy Robertson,DF,3
Scotland,Scott McTominay,MF,4
Scotland,Grant Hanley,DF,5
Scotland,Kieran Tierney,DF,6
Scotland,John McGinn,MF,7
Scotland,Tyler Fletcher,MF,8
Scotland,Lyndon Dykes,FW,9
Scotland,Ché Adams,FW,10
Scotland,Ryan Christie,MF,11
Scotland,Liam Kelly,GK,12
Scotland,Jack Hendry,DF,13
Scotland,Ross Stewart,FW,14
Scotland,John Souttar,DF,15
Scotland,Dominic Hyam,DF,16
Scotland,Ben Gannon-Doak,FW,17
Scotland,George Hirst,FW,18
Scotland,Lewis Ferguson,MF,19
Scotland,Lawrence Shankland,FW,20
Scotland,Craig Gordon,GK,21
Scotland,Nathan Patterson,DF,22
Scotland,Kenny McLean,MF,23
Scotland,Anthony Ralston,DF,24
Scotland,Findlay Curtis,FW,25
Scotland,Scott McKenna,DF,26
Senegal,Yehvann Diouf,GK,1
Senegal,Mamadou Sarr,DF,2
Senegal,Kalidou Koulibaly,DF,3
Senegal,Abdoulaye Seck,DF,4
Senegal,Idrissa Gueye,MF,5
Senegal,Pathé Ciss,MF,6
Senegal,Assane Diao,FW,7
Senegal,Lamine Camara,MF,8
Senegal,Bamba Dieng,FW,9
Senegal,Sadio Mané,FW,10
Senegal,Nicolas Jackson,FW,11
Senegal,Cherif Ndiaye,FW,12
Senegal,Iliman Ndiaye,FW,13
Senegal,Ismail Jakobs,DF,14
Senegal,Krépin Diatta,DF,15
Senegal,Édouard Mendy,GK,16
Senegal,Pape Matar Sarr,MF,17
Senegal,Ismaïla Sarr,FW,18
Senegal,Moussa Niakhaté,DF,19
Senegal,Ibrahim Mbaye,FW,20
Senegal,Habib Diarra,MF,21
Senegal,Bara Sapoko Ndiaye,MF,22
Senegal,Mory Diaw,GK,23
Senegal,Antoine Mendy,DF,24
Senegal,El Hadji Malick Diouf,DF,25
Senegal,Pape Gueye,MF,26
South Africa,Ronwen Williams,GK,1
South Africa,Thabang Matuludi,DF,2
South Africa,Khulumani Ndamane,DF,3
South Africa,Teboho Mokoena,MF,4
South Africa,Thalente Mbatha,MF,5
South Africa,Aubrey Modiba,DF,6
South Africa,Oswin Appollis,FW,7
South Africa,Tshepang Moremi,FW,8
South Africa,Lyle Foster,FW,9
South Africa,Relebohile Mofokeng,FW,10
South Africa,Themba Zwane,MF,11
South Africa,Thapelo Maseko,FW,12
South Africa,Sphephelo Sithole,MF,13
South Africa,Mbekezeli Mbokazi,DF,14
South Africa,Iqraam Rayners,FW,15
South Africa,Sipho Chaine,GK,16
South Africa,Evidence Makgopa,FW,17
South Africa,Samukele Kabini,DF,18
South Africa,Nkosinathi Sibisi,DF,19
South Africa,Khuliso Mudau,DF,20
South Africa,Ime Okon,DF,21
South Africa,Ricardo Goss,GK,22
South Africa,Jayden Adams,MF,23
South Africa,Olwethu Makhanya,DF,24
South Africa,Kamogelo Sebelebele,FW,25
South Africa,Bradley Cross,DF,26
South Korea,Kim Seung-gyu,GK,1
South Korea,Lee Han-beom,DF,2
South Korea,Lee Gi-hyuk,MF,3
South Korea,Kim Min-jae,DF,4
South Korea,Kim Tae-hyeon,DF,5
South Korea,Hwang In-beom,MF,6
South Korea,Son Heung-min,FW,7
South Korea,Paik Seung-ho,MF,8
South Korea,Cho Gue-sung,FW,9
South Korea,Lee Jae-sung,MF,10
South Korea,Hwang Hee-chan,MF,11
South Korea,Song Bum-keun,GK,12
South Korea,Lee Tae-seok,DF,13
South Korea,Cho Wi-je,DF,14
South Korea,Kim Moon-hwan,DF,15
South Korea,Park Jin-seob,DF,16
South Korea,Bae Jun-ho,MF,17
South Korea,Oh Hyeon-gyu,FW,18
South Korea,Lee Kang-in,MF,19
South Korea,Yang Hyun-jun,MF,20
South Korea,Jo Hyeon-woo,GK,21
South Korea,Seol Young-woo,DF,22
South Korea,Jens Castrop,DF,23
South Korea,Kim Jin-gyu,MF,24
South Korea,Eom Ji-sung,MF,25
South Korea,Lee Dong-gyeong,MF,26
Spain,David Raya,GK,1
Spain,Marc Pubill,DF,2
Spain,Álex Grimaldo,DF,3
Spain,Eric García,DF,4
Spain,Marcos Llorente,DF,5
Spain,Mikel Merino,MF,6
Spain,Ferran Torres,FW,7
Spain,Fabián Ruiz,MF,8
Spain,Gavi,MF,9
Spain,Dani Olmo,FW,10
Spain,Yéremy Pino,FW,11
Spain,Pedro Porro,DF,12
Spain,Joan Garcia,GK,13
Spain,Aymeric Laporte,DF,14
Spain,Álex Baena,MF,15
Spain,Rodri,MF,16
Spain,Nico Williams,FW,17
Spain,Martín Zubimendi,MF,18
Spain,Lamine Yamal,FW,19
Spain,Pedri,MF,20
Spain,Mikel Oyarzabal,FW,21
Spain,Pau Cubarsí,DF,22
Spain,Unai Simón,GK,23
Spain,Marc Cucurella,DF,24
Spain,Víctor Muñoz,FW,25
Spain,Borja Iglesias,FW,26
Sweden,Jacob Widell Zetterström,GK,1
Sweden,Gustaf Lagerbielke,DF,2
Sweden,Victor Lindelöf,DF,3
Sweden,Isak Hien,DF,4
Sweden,Gabriel Gudmundsson,DF,5
Sweden,Herman Johansson,DF,6
Sweden,Lucas Bergvall,MF,7
Sweden,Daniel Svensson,DF,8
Sweden,Alexander Isak,FW,9
Sweden,Benjamin Nygren,MF,10
Sweden,Anthony Elanga,FW,11
Sweden,Viktor Johansson,GK,12
Sweden,Ken Sema,MF,13
Sweden,Hjalmar Ekdal,DF,14
Sweden,Carl Starfelt,DF,15
Sweden,Jesper Karlström,MF,16
Sweden,Viktor Gyökeres,FW,17
Sweden,Yasin Ayari,MF,18
Sweden,Mattias Svanberg,MF,19
Sweden,Eric Smith,DF,20
Sweden,Alexander Bernhardsson,DF,21
Sweden,Besfort Zeneli,MF,22
Sweden,Kristoffer Nordfeldt,GK,23
Sweden,Elliot Stroud,DF,24
Sweden,Gustaf Nilsson,FW,25
Sweden,Taha Ali,FW,26
Switzerland,Gregor Kobel,GK,1
Switzerland,Miro Muheim,DF,2
Switzerland,Silvan Widmer,DF,3
Switzerland,Nico Elvedi,DF,4
Switzerland,Manuel Akanji,DF,5
Switzerland,Denis Zakaria,MF,6
Switzerland,Breel Embolo,FW,7
Switzerland,Remo Freuler,MF,8
Switzerland,Johan Manzambi,MF,9
Switzerland,Granit Xhaka,MF,10
Switzerland,Dan Ndoye,FW,11
Switzerland,Yvon Mvogo,GK,12
Switzerland,Ricardo Rodriguez,DF,13
Switzerland,Ardon Jashari,MF,14
Switzerland,Djibril Sow,MF,15
Switzerland,Christian Fassnacht,FW,16
Switzerland,Rubén Vargas,FW,17
Switzerland,Eray Cömert,DF,18
Switzerland,Noah Okafor,FW,19
Switzerland,Michel Aebischer,MF,20
Switzerland,Marvin Keller,GK,21
Switzerland,Fabian Rieder,MF,22
Switzerland,Zeki Amdouni,FW,23
Switzerland,Aurèle Amenda,DF,24
Switzerland,Luca Jaquez,DF,25
Switzerland,Cedric Itten,FW,26
Tunisia,Mouhib Chamakh,GK,1
Tunisia,Ali Abdi,DF,2
Tunisia,Montassar Talbi,DF,3
Tunisia,Omar Rekik,DF,4
Tunisia,Adem Arous,DF,5
Tunisia,Dylan Bronn,DF,6
Tunisia,Elias Achouri,FW,7
Tunisia,Elias Saad,FW,8
Tunisia,Hazem Mastouri,FW,9
Tunisia,Hannibal Mejbri,MF,10
Tunisia,Ismaël Gharbi,MF,11
Tunisia,Mortadha Ben Ouanes,DF,12
Tunisia,Rani Khedira,MF,13
Tunisia,Khalil Ayari,MF,14
Tunisia,Hadj Mahmoud,MF,15
Tunisia,Aymen Dahmen,GK,16
Tunisia,Ellyes Skhiri,MF,17
Tunisia,Rayan Elloumi,FW,18
Tunisia,Firas Chaouat,FW,19
Tunisia,Yan Valery,DF,20
Tunisia,Mohamed Amine Ben Hamida,DF,21
Tunisia,Sabri Ben Hessen,GK,22
Tunisia,Moutaz Neffati,DF,23
Tunisia,Raed Chikhaoui,DF,24
Tunisia,Anis Ben Slimane,MF,25
Tunisia,Sebastian Tounekti,MF,26
Turkey,Mert Günok,GK,1
Turkey,Zeki Çelik,DF,2
Turkey,Merih Demiral,DF,3
Turkey,Çağlar Söyüncü,DF,4
Turkey,Salih Özcan,MF,5
Turkey,Orkun Kökçü,MF,6
Turkey,Kerem Aktürkoğlu,FW,7
Turkey,Arda Güler,FW,8
Turkey,Deniz Gül,FW,9
Turkey,Hakan Çalhanoğlu,MF,10
Turkey,Kenan Yıldız,FW,11
Turkey,Altay Bayındır,GK,12
Turkey,Eren Elmalı,DF,13
Turkey,Abdülkerim Bardakcı,DF,14
Turkey,Ozan Kabak,DF,15
Turkey,İsmail Yüksek,MF,16
Turkey,İrfan Can Kahveci,FW,17
Turkey,Mert Müldür,DF,18
Turkey,Yunus Akgün,FW,19
Turkey,Ferdi Kadıoğlu,DF,20
Turkey,Barış Alper Yılmaz,FW,21
Turkey,Kaan Ayhan,MF,22
Turkey,Uğurcan Çakır,GK,23
Turkey,Oğuz Aydın,FW,24
Turkey,Samet Akaydin,DF,25
Turkey,Can Uzun,FW,26
United States,Matt Turner,GK,1
United States,Sergiño Dest,DF,2
United States,Chris Richards,DF,3
United States,Tyler Adams,MF,4
United States,Antonee Robinson,DF,5
United States,Auston Trusty,DF,6
United States,Giovanni Reyna,MF,7
United States,Weston McKennie,MF,8
United States,Ricardo Pepi,FW,9
United States,Christian Pulisic,FW,10
United States,Brenden Aaronson,FW,11
United States,Miles Robinson,DF,12
United States,Tim Ream,DF,13
United States,Sebastian Berhalter,MF,14
United States,Cristian Roldan,MF,15
United States,Alex Freeman,DF,16
United States,Malik Tillman,MF,17
United States,Max Arfsten,DF,18
United States,Haji Wright,FW,19
United States,Folarin Balogun,FW,20
United States,Timothy Weah,FW,21
United States,Mark McKenzie,DF,22
United States,Joe Scally,DF,23
United States,Matt Freese,GK,24
United States,Chris Brady,GK,25
United States,Alejandro Zendejas,FW,26
Uruguay,Sergio Rochet,GK,1
Uruguay,José María Giménez,DF,2
Uruguay,Sebastián Cáceres,DF,3
Uruguay,Ronald Araújo,DF,4
Uruguay,Manuel Ugarte,MF,5
Uruguay,Rodrigo Bentancur,MF,6
Uruguay,Nicolás de la Cruz,MF,7
Uruguay,Federico Valverde,MF,8
Uruguay,Darwin Núñez,FW,9
Uruguay,Giorgian de Arrascaeta,MF,10
Uruguay,Facundo Pellistri,FW,11
Uruguay,Santiago Mele,GK,12
Uruguay,Guillermo Varela,DF,13
Uruguay,Agustín Canobbio,MF,14
Uruguay,Emiliano Martínez,MF,15
Uruguay,Mathías Olivera,DF,16
Uruguay,Matías Viña,DF,17
Uruguay,Brian Rodríguez,FW,18
Uruguay,Rodrigo Aguirre,FW,19
Uruguay,Maximiliano Araújo,MF,20
Uruguay,Federico Viñas,FW,21
Uruguay,Joaquín Piquerez,MF,22
Uruguay,Fernando Muslera,GK,23
Uruguay,Santiago Bueno,DF,24
Uruguay,Juan Manuel Sanabria,MF,25
Uruguay,Rodrigo Zalazar,MF,26
Uzbekistan,Utkir Yusupov,GK,1
Uzbekistan,Abdukodir Khusanov,DF,2
Uzbekistan,Khojiakbar Alijonov,DF,3
Uzbekistan,Farrukh Sayfiev,DF,4
Uzbekistan,Rustam Ashurmatov,DF,5
Uzbekistan,Akmal Mozgovoy,MF,6
Uzbekistan,Otabek Shukurov,MF,7
Uzbekistan,Jamshid Iskanderov,MF,8
Uzbekistan,Odiljon Hamrobekov,MF,9
Uzbekistan,Jaloliddin Masharipov,MF,10
Uzbekistan,Oston Urunov,MF,11
Uzbekistan,Abduvohid Nematov,GK,12
Uzbekistan,Sherzod Nasrullaev,DF,13
Uzbekistan,Eldor Shomurodov,FW,14
Uzbekistan,Umar Eshmurodov,DF,15
Uzbekistan,Botirali Ergashev,GK,16
Uzbekistan,Dostonbek Khamdamov,MF,17
Uzbekistan,Abdulla Abdullaev,DF,18
Uzbekistan,Azizjon Ganiev,MF,19
Uzbekistan,Azizbek Amonov,FW,20
Uzbekistan,Igor Sergeev,FW,21
Uzbekistan,Abbosbek Fayzullaev,MF,22
Uzbekistan,Sherzod Esanov,MF,23
Uzbekistan,Bekhruz Karimov,DF,24
Uzbekistan,Avazbek Ulmasaliev,DF,25
Uzbekistan,Jakhongir Urozov,DF,26
